empID,empName
E1,Name 1
E2,Name 2
E3,Name 3
E4,Name 4
E5,Name 5
E6,Name 6
E7,Name 7
E8,Name 8
E9,Name 9
E10,Name 10
E11,Name 11
E12,Name 12
E13,Name 13
E14,Name 14
E15,Name 15
E16,Name 16
E17,Name 17
E18,Name 18
E19,Name 19
E20,Name 20
E21,Name 21
E22,Name 22
E23,Name 23
E24,Name 24
E25,Name 25
E26,Name 26
E27,Name 27
E28,Name 28
E29,Name 29
E30,Name 30
E31,Name 31
E32,Name 32
E33,Name 33
E34,Name 34
E35,Name 35
E36,Name 36
E37,Name 37
E38,Name 38
E39,Name 39
E40,Name 40
E41,Name 41
E42,Name 42
E43,Name 43
E44,Name 44
E45,Name 45
E46,Name 46
E47,Name 47
E48,Name 48
E49,Name 49
E50,Name 50
E51,Name 51
E52,Name 52
E53,Name 53
E54,Name 54
E55,Name 55
E56,Name 56
E57,Name 57
E58,Name 58
E59,Name 59
E60,Name 60
E61,Name 61
E62,Name 62
E63,Name 63
E64,Name 64
E65,Name 65
E66,Name 66
E67,Name 67
E68,Name 68
E69,Name 69
E70,Name 70
E71,Name 71
E72,Name 72
E73,Name 73
E74,Name 74
E75,Name 75
E76,Name 76
E77,Name 77
E78,Name 78
E79,Name 79
E80,Name 80
E81,Name 81
E82,Name 82
E83,Name 83
E84,Name 84
E85,Name 85
E86,Name 86
E87,Name 87
E88,Name 88
E89,Name 89
E90,Name 90
E91,Name 91
E92,Name 92
E93,Name 93
E94,Name 94
E95,Name 95
E96,Name 96
E97,Name 97
E98,Name 98
E99,Name 99
E100,Name 100
E101,Name 101
E102,Name 102
E103,Name 103
E104,Name 104
E105,Name 105
E106,Name 106
E107,Name 107
E108,Name 108
E109,Name 109
E110,Name 110
E111,Name 111
E112,Name 112
E113,Name 113
E114,Name 114
E115,Name 115
E116,Name 116
E117,Name 117
E118,Name 118
E119,Name 119
E120,Name 120
E121,Name 121
E122,Name 122
E123,Name 123
E124,Name 124
E125,Name 125
E126,Name 126
E127,Name 127
E128,Name 128
E129,Name 129
E130,Name 130
E131,Name 131
E132,Name 132
E133,Name 133
E134,Name 134
E135,Name 135
E136,Name 136
E137,Name 137
E138,Name 138
E139,Name 139
E140,Name 140
E141,Name 141
E142,Name 142
E143,Name 143
E144,Name 144
E145,Name 145
E146,Name 146
E147,Name 147
E148,Name 148
E149,Name 149
E150,Name 150
E151,Name 151
E152,Name 152
E153,Name 153
E154,Name 154
E155,Name 155
E156,Name 156
E157,Name 157
E158,Name 158
E159,Name 159
E160,Name 160
E161,Name 161
E162,Name 162
E163,Name 163
E164,Name 164
E165,Name 165
E166,Name 166
E167,Name 167
E168,Name 168
E169,Name 169
E170,Name 170
E171,Name 171
E172,Name 172
E173,Name 173
E174,Name 174
E175,Name 175
E176,Name 176
E177,Name 177
E178,Name 178
E179,Name 179
E180,Name 180
E181,Name 181
E182,Name 182
E183,Name 183
E184,Name 184
E185,Name 185
E186,Name 186
E187,Name 187
E188,Name 188
E189,Name 189
E190,Name 190
E191,Name 191
E192,Name 192
E193,Name 193
E194,Name 194
E195,Name 195
E196,Name 196
E197,Name 197
E198,Name 198
E199,Name 199
E200,Name 200
E201,Name 201
E202,Name 202
E203,Name 203
E204,Name 204
E205,Name 205
E206,Name 206
E207,Name 207
E208,Name 208
E209,Name 209
E210,Name 210
E211,Name 211
E212,Name 212
E213,Name 213
E214,Name 214
E215,Name 215
E216,Name 216
E217,Name 217
E218,Name 218
E219,Name 219
E220,Name 220
E221,Name 221
E222,Name 222
E223,Name 223
E224,Name 224
E225,Name 225
E226,Name 226
E227,Name 227
E228,Name 228
E229,Name 229
E230,Name 230
E231,Name 231
E232,Name 232
E233,Name 233
E234,Name 234
E235,Name 235
E236,Name 236
E237,Name 237
E238,Name 238
E239,Name 239
E240,Name 240
E241,Name 241
E242,Name 242
E243,Name 243
E244,Name 244
E245,Name 245
E246,Name 246
E247,Name 247
E248,Name 248
E249,Name 249
E250,Name 250
E251,Name 251
E252,Name 252
E253,Name 253
E254,Name 254
E255,Name 255
E256,Name 256
E257,Name 257
E258,Name 258
E259,Name 259
E260,Name 260
E261,Name 261
E262,Name 262
E263,Name 263
E264,Name 264
E265,Name 265
E266,Name 266
E267,Name 267
E268,Name 268
E269,Name 269
E270,Name 270
E271,Name 271
E272,Name 272
E273,Name 273
E274,Name 274
E275,Name 275
E276,Name 276
E277,Name 277
E278,Name 278
E279,Name 279
E280,Name 280
E281,Name 281
E282,Name 282
E283,Name 283
E284,Name 284
E285,Name 285
E286,Name 286
E287,Name 287
E288,Name 288
E289,Name 289
E290,Name 290
E291,Name 291
E292,Name 292
E293,Name 293
E294,Name 294
E295,Name 295
E296,Name 296
E297,Name 297
E298,Name 298
E299,Name 299
E300,Name 300
E301,Name 301
E302,Name 302
E303,Name 303
E304,Name 304
E305,Name 305
E306,Name 306
E307,Name 307
E308,Name 308
E309,Name 309
E310,Name 310
E311,Name 311
E312,Name 312
E313,Name 313
E314,Name 314
E315,Name 315
E316,Name 316
E317,Name 317
E318,Name 318
E319,Name 319
E320,Name 320
E321,Name 321
E322,Name 322
E323,Name 323
E324,Name 324
E325,Name 325
E326,Name 326
E327,Name 327
E328,Name 328
E329,Name 329
E330,Name 330
E331,Name 331
E332,Name 332
E333,Name 333
E334,Name 334
E335,Name 335
E336,Name 336
E337,Name 337
E338,Name 338
E339,Name 339
E340,Name 340
E341,Name 341
E342,Name 342
E343,Name 343
E344,Name 344
E345,Name 345
E346,Name 346
E347,Name 347
E348,Name 348
E349,Name 349
E350,Name 350
E351,Name 351
E352,Name 352
E353,Name 353
E354,Name 354
E355,Name 355
E356,Name 356
E357,Name 357
E358,Name 358
E359,Name 359
E360,Name 360
E361,Name 361
E362,Name 362
E363,Name 363
E364,Name 364
E365,Name 365
E366,Name 366
E367,Name 367
E368,Name 368
E369,Name 369
E370,Name 370
E371,Name 371
E372,Name 372
E373,Name 373
E374,Name 374
E375,Name 375
E376,Name 376
E377,Name 377
E378,Name 378
E379,Name 379
E380,Name 380
E381,Name 381
E382,Name 382
E383,Name 383
E384,Name 384
E385,Name 385
E386,Name 386
E387,Name 387
E388,Name 388
E389,Name 389
E390,Name 390
E391,Name 391
E392,Name 392
E393,Name 393
E394,Name 394
E395,Name 395
E396,Name 396
E397,Name 397
E398,Name 398
E399,Name 399
E400,Name 400
E401,Name 401
E402,Name 402
E403,Name 403
E404,Name 404
E405,Name 405
E406,Name 406
E407,Name 407
E408,Name 408
E409,Name 409
E410,Name 410
E411,Name 411
E412,Name 412
E413,Name 413
E414,Name 414
E415,Name 415
E416,Name 416
E417,Name 417
E418,Name 418
E419,Name 419
E420,Name 420
E421,Name 421
E422,Name 422
E423,Name 423
E424,Name 424
E425,Name 425
E426,Name 426
E427,Name 427
E428,Name 428
E429,Name 429
E430,Name 430
E431,Name 431
E432,Name 432
E433,Name 433
E434,Name 434
E435,Name 435
E436,Name 436
E437,Name 437
E438,Name 438
E439,Name 439
E440,Name 440
E441,Name 441
E442,Name 442
E443,Name 443
E444,Name 444
E445,Name 445
E446,Name 446
E447,Name 447
E448,Name 448
E449,Name 449
E450,Name 450
E451,Name 451
E452,Name 452
E453,Name 453
E454,Name 454
E455,Name 455
E456,Name 456
E457,Name 457
E458,Name 458
E459,Name 459
E460,Name 460
E461,Name 461
E462,Name 462
E463,Name 463
E464,Name 464
E465,Name 465
E466,Name 466
E467,Name 467
E468,Name 468
E469,Name 469
E470,Name 470
E471,Name 471
E472,Name 472
E473,Name 473
E474,Name 474
E475,Name 475
E476,Name 476
E477,Name 477
E478,Name 478
E479,Name 479
E480,Name 480
E481,Name 481
E482,Name 482
E483,Name 483
E484,Name 484
E485,Name 485
E486,Name 486
E487,Name 487
E488,Name 488
E489,Name 489
E490,Name 490
E491,Name 491
E492,Name 492
E493,Name 493
E494,Name 494
E495,Name 495
E496,Name 496
E497,Name 497
E498,Name 498
E499,Name 499
E500,Name 500
E501,Name 501
E502,Name 502
E503,Name 503
E504,Name 504
E505,Name 505
E506,Name 506
E507,Name 507
E508,Name 508
E509,Name 509
E510,Name 510
E511,Name 511
E512,Name 512
E513,Name 513
E514,Name 514
E515,Name 515
E516,Name 516
E517,Name 517
E518,Name 518
E519,Name 519
E520,Name 520
E521,Name 521
E522,Name 522
E523,Name 523
E524,Name 524
E525,Name 525
E526,Name 526
E527,Name 527
E528,Name 528
E529,Name 529
E530,Name 530
E531,Name 531
E532,Name 532
E533,Name 533
E534,Name 534
E535,Name 535
E536,Name 536
E537,Name 537
E538,Name 538
E539,Name 539
E540,Name 540
E541,Name 541
E542,Name 542
E543,Name 543
E544,Name 544
E545,Name 545
E546,Name 546
E547,Name 547
E548,Name 548
E549,Name 549
E550,Name 550
E551,Name 551
E552,Name 552
E553,Name 553
E554,Name 554
E555,Name 555
E556,Name 556
E557,Name 557
E558,Name 558
E559,Name 559
E560,Name 560
E561,Name 561
E562,Name 562
E563,Name 563
E564,Name 564
E565,Name 565
E566,Name 566
E567,Name 567
E568,Name 568
E569,Name 569
E570,Name 570
E571,Name 571
E572,Name 572
E573,Name 573
E574,Name 574
E575,Name 575
E576,Name 576
E577,Name 577
E578,Name 578
E579,Name 579
E580,Name 580
E581,Name 581
E582,Name 582
E583,Name 583
E584,Name 584
E585,Name 585
E586,Name 586
E587,Name 587
E588,Name 588
E589,Name 589
E590,Name 590
E591,Name 591
E592,Name 592
E593,Name 593
E594,Name 594
E595,Name 595
E596,Name 596
E597,Name 597
E598,Name 598
E599,Name 599
E600,Name 600
E601,Name 601
E602,Name 602
E603,Name 603
E604,Name 604
E605,Name 605
E606,Name 606
E607,Name 607
E608,Name 608
E609,Name 609
E610,Name 610
E611,Name 611
E612,Name 612
E613,Name 613
E614,Name 614
E615,Name 615
E616,Name 616
E617,Name 617
E618,Name 618
E619,Name 619
E620,Name 620
E621,Name 621
E622,Name 622
E623,Name 623
E624,Name 624
E625,Name 625
E626,Name 626
E627,Name 627
E628,Name 628
E629,Name 629
E630,Name 630
E631,Name 631
E632,Name 632
E633,Name 633
E634,Name 634
E635,Name 635
E636,Name 636
E637,Name 637
E638,Name 638
E639,Name 639
E640,Name 640
E641,Name 641
E642,Name 642
E643,Name 643
E644,Name 644
E645,Name 645
E646,Name 646
E647,Name 647
E648,Name 648
E649,Name 649
E650,Name 650
E651,Name 651
E652,Name 652
E653,Name 653
E654,Name 654
E655,Name 655
E656,Name 656
E657,Name 657
E658,Name 658
E659,Name 659
E660,Name 660
E661,Name 661
E662,Name 662
E663,Name 663
E664,Name 664
E665,Name 665
E666,Name 666
E667,Name 667
E668,Name 668
E669,Name 669
E670,Name 670
E671,Name 671
E672,Name 672
E673,Name 673
E674,Name 674
E675,Name 675
E676,Name 676
E677,Name 677
E678,Name 678
E679,Name 679
E680,Name 680
E681,Name 681
E682,Name 682
E683,Name 683
E684,Name 684
E685,Name 685
E686,Name 686
E687,Name 687
E688,Name 688
E689,Name 689
E690,Name 690
E691,Name 691
E692,Name 692
E693,Name 693
E694,Name 694
E695,Name 695
E696,Name 696
E697,Name 697
E698,Name 698
E699,Name 699
E700,Name 700
E701,Name 701
E702,Name 702
E703,Name 703
E704,Name 704
E705,Name 705
E706,Name 706
E707,Name 707
E708,Name 708
E709,Name 709
E710,Name 710
E711,Name 711
E712,Name 712
E713,Name 713
E714,Name 714
E715,Name 715
E716,Name 716
E717,Name 717
E718,Name 718
E719,Name 719
E720,Name 720
E721,Name 721
E722,Name 722
E723,Name 723
E724,Name 724
E725,Name 725
E726,Name 726
E727,Name 727
E728,Name 728
E729,Name 729
E730,Name 730
E731,Name 731
E732,Name 732
E733,Name 733
E734,Name 734
E735,Name 735
E736,Name 736
E737,Name 737
E738,Name 738
E739,Name 739
E740,Name 740
E741,Name 741
E742,Name 742
E743,Name 743
E744,Name 744
E745,Name 745
E746,Name 746
E747,Name 747
E748,Name 748
E749,Name 749
E750,Name 750
E751,Name 751
E752,Name 752
E753,Name 753
E754,Name 754
E755,Name 755
E756,Name 756
E757,Name 757
E758,Name 758
E759,Name 759
E760,Name 760
E761,Name 761
E762,Name 762
E763,Name 763
E764,Name 764
E765,Name 765
E766,Name 766
E767,Name 767
E768,Name 768
E769,Name 769
E770,Name 770
E771,Name 771
E772,Name 772
E773,Name 773
E774,Name 774
E775,Name 775
E776,Name 776
E777,Name 777
E778,Name 778
E779,Name 779
E780,Name 780
E781,Name 781
E782,Name 782
E783,Name 783
E784,Name 784
E785,Name 785
E786,Name 786
E787,Name 787
E788,Name 788
E789,Name 789
E790,Name 790
E791,Name 791
E792,Name 792
E793,Name 793
E794,Name 794
E795,Name 795
E796,Name 796
E797,Name 797
E798,Name 798
E799,Name 799
E800,Name 800
E801,Name 801
E802,Name 802
E803,Name 803
E804,Name 804
E805,Name 805
E806,Name 806
E807,Name 807
E808,Name 808
E809,Name 809
E810,Name 810
E811,Name 811
E812,Name 812
E813,Name 813
E814,Name 814
E815,Name 815
E816,Name 816
E817,Name 817
E818,Name 818
E819,Name 819
E820,Name 820
E821,Name 821
E822,Name 822
E823,Name 823
E824,Name 824
E825,Name 825
E826,Name 826
E827,Name 827
E828,Name 828
E829,Name 829
E830,Name 830
E831,Name 831
E832,Name 832
E833,Name 833
E834,Name 834
E835,Name 835
E836,Name 836
E837,Name 837
E838,Name 838
E839,Name 839
E840,Name 840
E841,Name 841
E842,Name 842
E843,Name 843
E844,Name 844
E845,Name 845
E846,Name 846
E847,Name 847
E848,Name 848
E849,Name 849
E850,Name 850
E851,Name 851
E852,Name 852
E853,Name 853
E854,Name 854
E855,Name 855
E856,Name 856
E857,Name 857
E858,Name 858
E859,Name 859
E860,Name 860
E861,Name 861
E862,Name 862
E863,Name 863
E864,Name 864
E865,Name 865
E866,Name 866
E867,Name 867
E868,Name 868
E869,Name 869
E870,Name 870
E871,Name 871
E872,Name 872
E873,Name 873
E874,Name 874
E875,Name 875
E876,Name 876
E877,Name 877
E878,Name 878
E879,Name 879
E880,Name 880
E881,Name 881
E882,Name 882
E883,Name 883
E884,Name 884
E885,Name 885
E886,Name 886
E887,Name 887
E888,Name 888
E889,Name 889
E890,Name 890
E891,Name 891
E892,Name 892
E893,Name 893
E894,Name 894
E895,Name 895
E896,Name 896
E897,Name 897
E898,Name 898
E899,Name 899
E900,Name 900
E901,Name 901
E902,Name 902
E903,Name 903
E904,Name 904
E905,Name 905
E906,Name 906
E907,Name 907
E908,Name 908
E909,Name 909
E910,Name 910
E911,Name 911
E912,Name 912
E913,Name 913
E914,Name 914
E915,Name 915
E916,Name 916
E917,Name 917
E918,Name 918
E919,Name 919
E920,Name 920
E921,Name 921
E922,Name 922
E923,Name 923
E924,Name 924
E925,Name 925
E926,Name 926
E927,Name 927
E928,Name 928
E929,Name 929
E930,Name 930
E931,Name 931
E932,Name 932
E933,Name 933
E934,Name 934
E935,Name 935
E936,Name 936
E937,Name 937
E938,Name 938
E939,Name 939
E940,Name 940
E941,Name 941
E942,Name 942
E943,Name 943
E944,Name 944
E945,Name 945
E946,Name 946
E947,Name 947
E948,Name 948
E949,Name 949
E950,Name 950
E951,Name 951
E952,Name 952
E953,Name 953
E954,Name 954
E955,Name 955
E956,Name 956
E957,Name 957
E958,Name 958
E959,Name 959
E960,Name 960
E961,Name 961
E962,Name 962
E963,Name 963
E964,Name 964
E965,Name 965
E966,Name 966
E967,Name 967
E968,Name 968
E969,Name 969
E970,Name 970
E971,Name 971
E972,Name 972
E973,Name 973
E974,Name 974
E975,Name 975
E976,Name 976
E977,Name 977
E978,Name 978
E979,Name 979
E980,Name 980
E981,Name 981
E982,Name 982
E983,Name 983
E984,Name 984
E985,Name 985
E986,Name 986
E987,Name 987
E988,Name 988
E989,Name 989
E990,Name 990
E991,Name 991
E992,Name 992
E993,Name 993
E994,Name 994
E995,Name 995
E996,Name 996
E997,Name 997
E998,Name 998
E999,Name 999
E1000,Name 1000
